date,unemployment
2024-01-01,3.7
2024-02-01,3.9
2024-03-01,3.9
2024-04-01,3.9
2024-05-01,3.9
2024-06-01,4.1
2024-07-01,4.2
2024-08-01,4.2
2024-09-01,4.1
2024-10-01,4.1
2024-11-01,4.2
2024-12-01,4.1
2025-01-01,4.0
2025-02-01,4.2
2025-03-01,4.2
2025-04-01,4.2
2025-05-01,4.3
2025-06-01,4.1
2025-07-01,4.3
2025-08-01,4.3
2025-09-01,4.4
2025-10-01,
2025-11-01,4.5
2025-12-01,4.4
2026-01-01,4.3
2026-02-01,4.4
2026-03-01,4.3
