date,mfg_job_openings
2024-01-01,557
2024-02-01,551
2024-03-01,517
2024-04-01,491
2024-05-01,541
2024-06-01,471
2024-07-01,481
2024-08-01,461
2024-09-01,466
2024-10-01,437
2024-11-01,415
2024-12-01,401
2025-01-01,447
2025-02-01,400
2025-03-01,389
2025-04-01,376
2025-05-01,401
2025-06-01,391
2025-07-01,428
2025-08-01,416
2025-09-01,389
2025-10-01,426
2025-11-01,389
2025-12-01,426
2026-01-01,510
2026-02-01,439
